number fo clusters,average score
2,0.40124017555515923
3,0.4393480595604809
4,0.44570325629479224
5,0.43918001040597104
6,0.42480906696311055
