number fo clusters,average score
2,0.3880898533371839
3,0.43437294416253924
4,0.40602582326997055
5,0.39940321214925034
6,0.40086743799388186
